[
    {
        "id": 0,
        "name": "Fazenda Nova Piratininga",
        "geo_home": [-50.34420350000001, -12.816704, 0],
        "areas_bonificadoras":[
            {
                "id": "zone_b_1",
                "name": "zone_b_1",
                "geo_points":[
                    [-50.336355,-12.821921,0],
                    [-50.336301,-12.821523,0],
                    [-50.337406,-12.821356,0],
                    [-50.337472,-12.821725,0]
                ],
                "center":[-50.33692581041652,-12.82162875814,0]
            },
            {
                "id": "zone_b_2",
                "name": "zone_b_2",
                "geo_points":[
                    [-50.31937,-12.823916,0],
                    [-50.319335,-12.823635,0],
                    [-50.335568,-12.821251,0],
                    [-50.33561599999999,-12.821531,0]
                ],
                "center":[-50.32764614052744,-12.82251033679596,0]
            }
        ],
        "areas_penalizadoras":[],
        "areas_nao_navegaveis":[
            {
                "id": "zone_p_1",
                "name": "zone_p_1",
                "geo_points":[
                    [-50.340372,-12.825258,0],
                    [-50.338287,-12.819155,0],
                    [-50.348982,-12.815087,0],
                    [-50.349937,-12.825397,0]
                ],
                "center":[-50.34477520771689,-12.82102171290609,0]
            },
            {
                "id": "zone_p_2",
                "name": "zone_p_2",
                "geo_points":[
                    [-50.322942,-12.843101,0],
                    [-50.338827,-12.822331,0],
                    [-50.34843099999999,-12.825133,0],
                    [-50.333519,-12.847437,0]
                ],
                "center":[-50.33613342247823,-12.83436683675979,0]
            }
        ]
    }
    ]